nama_wisata,alamat,kategori
Benteng Marlborough,Bengkulu,Benteng
Benteng Oranye Kwandang,Gorontalo,Benteng
Benteng Amsterdam,Maluku,Benteng
Benteng Victoria,Maluku,Benteng
Benteng Belgica,Maluku,Benteng
Benteng Titaley,Maluku,Benteng
Benteng Kerajaan Kabaena,Sulawesi Tenggara,Benteng
Benteng Portugis,Sulawesi Utara,Benteng
Benteng Kuta Reh,"Kabupaten Aceh Tenggara, Aceh",Benteng
Benteng Kuta Asan,"Kabupaten Pidie, Aceh",Benteng
Benteng Otanaha,"Kota Gorontalo, Gorontalo",Benteng
Benteng Pendhem,"Kabupaten Cilacap, Jawa Tengah",Benteng
Benteng Portugis,"Kabupaten Jepara, Jawa Tengah",Benteng
Benteng Voc,"Kabupaten Jepara, Jawa Tengah",Benteng
Benteng Pendem Purworejo,"Kabupaten Purworejo, Jawa Tengah",Benteng
Benteng Williem Ii,"Kabupaten Semarang, Jawa Tengah",Benteng
Benteng Sisa Peninggalan Mataram Kuno,"Kabupaten Temanggung, Jawa Tengah",Benteng
Benteng Erfprins,"Kabupaten Bangkalan, Jawa Timur",Benteng
Benteng Tjakraningrat Iv Tanjoeng Piring,"Kabupaten Bangkalan, Jawa Timur",Benteng
Benteng Lodewijk Mengare,"Kabupaten Gresik, Jawa Timur",Benteng
Benteng Voc Kalimook,"Kabupaten Sumenep, Jawa Timur",Benteng
Benteng Pertahanan Belanda,"Kabupaten Bengkayang, Kalimantan Barat",Benteng
Benteng Bukit Cening,"Kabupaten Lingga, Kepulauan Riau",Benteng
Benteng Tanjung Cengkeh,"Kabupaten Lingga, Kepulauan Riau",Benteng
Benteng Kuala Daik,"Kabupaten Lingga, Kepulauan Riau",Benteng
Benteng Mepar Berbentuk Segi Empat,"Kabupaten Lingga, Kepulauan Riau",Benteng
Benteng Kubu Parit,"Kabupaten Lingga, Kepulauan Riau",Benteng
Benteng Bernaveld Amasing,"Kabupaten Halmahera Selatan, Maluku Utara",Benteng
Benteng Tolukko,"Kota Ternate, Maluku Utara",Benteng
Benteng Oranje,"Kota Ternate, Maluku Utara",Benteng
Benteng Kalamata,"Kota Ternate, Maluku Utara",Benteng
Benteng Kota Naka,"Kota Ternate, Maluku Utara",Benteng
Benteng Gam Lamo,"Kota Ternate, Maluku Utara",Benteng
Benteng Santo Pedro,"Kota Ternate, Maluku Utara",Benteng
Benteng Talagame,"Kota Ternate, Maluku Utara",Benteng
Benteng Willyam Star,"Kota Ternate, Maluku Utara",Benteng
Benteng Fort Concordia,"Kota Kupang, Nusa Tenggara Timur",Benteng
Benteng Tujuh Lapis,"Kabupaten Rokan Hulu, Riau",Benteng
Benteng Tujuh Lapis Dalu-Dalu,"Kabupaten Rokan Hulu, Riau",Benteng
Benteng Somba Opu,"Kabupaten Gowa, Sulawesi Selatan",Benteng
Benteng Pertahanan Pongtiku,"Kabupaten Toraja Utara, Sulawesi Selatan",Benteng
Benteng Fort Rotterdam,"Kota Makassar, Sulawesi Selatan",Benteng
Benteng Panyua,"Kota Makassar, Sulawesi Selatan",Benteng
Benteng,"Kabupaten Buton Utara, Sulawesi Tenggara",Benteng
Benteng Keraton Buton,"Kota Bau-Bau, Sulawesi Tenggara",Benteng
Benteng Keraton Buton Dan Masjid Agung Keraton,"Kota Bau-Bau, Sulawesi Tenggara",Benteng
Benteng Resort,"Kota Bitung, Sulawesi Utara",Benteng
Benteng Portugis,"Kabupaten Pesisir Selatan, Sumatera Barat",Benteng
Benteng Kuto Besak,"Kota Palembang, Sumatera Selatan",Benteng
Benteng Tundakan,"Kabupaten Balangan, Kalimantan Selatan",Benteng
Benteng Tatas,"Kota Banjarmasin, Kalimantan Selatan",Benteng
Benteng Nossa Senhora Da Anunciada,"Kota Ambon, Maluku",Benteng
Benteng Kota Bombonawulu,"Kabupaten Buton Tengah, Sulawesi Tenggara",Benteng
Benteng Wasilomata,"Kabupaten Buton Tengah, Sulawesi Tenggara",Benteng
Benteng Gumanano,"Kabupaten Buton Tengah, Sulawesi Tenggara",Benteng
Benteng Tindoi,"Kabupaten Wakatobi, Sulawesi Tenggara",Benteng
Benteng Liya,"Kabupaten Wakatobi, Sulawesi Tenggara",Benteng
Benteng Ollo,"Kabupaten Wakatobi, Sulawesi Tenggara",Benteng
Benteng La Donda Benteng La Donda,"Kabupaten Wakatobi, Sulawesi Tenggara",Benteng
Benteng Patua,"Kabupaten Wakatobi, Sulawesi Tenggara",Benteng
Benteng Palahidu,"Kabupaten Wakatobi, Sulawesi Tenggara",Benteng
Benteng Wali,"Kabupaten Wakatobi, Sulawesi Tenggara",Benteng
Benteng Fort De Kock,"Kota Bukittinggi, Sumatera Barat",Benteng
Keraton Ratu Boko,Yogyakarta,Istana
Keraton Kasepuhan,Jawa Barat,Istana
Keraton Kanoman,Jawa Barat,Istana
Keraton Kacirebonan,Jawa Barat,Istana
Keraton Kaprabonan,Jawa Barat,Istana
Istana Kamali Baadia,Sulawesi Tenggara,Istana
Istana Malige,Sulawesi Tenggara,Istana
Istana Kamali Kara,Sulawesi Tenggara,Istana
Istana Kamali Bata,Sulawesi Tenggara,Istana
Istana Air Taman Sari,Yogyakarta,Istana
Keraton Surosowan,"Kota Serang, Banten",Istana
Keraton Kaibon,"Kota Serang, Banten",Istana
Istana Presiden Cipanas,"Kabupaten Cianjur, Jawa Barat",Istana
Istana Bogor,"Kota Bogor, Jawa Barat",Istana
Keraton Kartasura,"Kabupaten Sukoharjo, Jawa Tengah",Istana
Keraton Sumenep,"Kabupaten Sumenep, Jawa Timur",Istana
Istana Gebang,"Kota Blitar, Jawa Timur",Istana
Keraton Matan Tanjungpura,"Kabupaten Ketapang, Kalimantan Barat",Istana
Istana Kuning Kesultanan Kutaringin,"Kabupaten Kotawaringin Barat, Kalimantan Tengah",Istana
Keraton Kesultanan Sambaliung,"Kabupaten Berau, Kalimantan Timur",Istana
Keraton Kesultanan Ternate,"Kota Ternate, Maluku Utara",Istana
Istana Kesultanan Pelalawan,"Kabupaten Pelalawan, Riau",Istana
Istana Rokan,"Kabupaten Rokan Hulu, Riau",Istana
Kompleks Istana Balla Lompoa,"Kabupaten Gowa, Sulawesi Selatan",Istana
Istana Mande Rubiah,"Kabupaten Pesisir Selatan, Sumatera Barat",Istana
Istana Maimun,"Kota Medan, Sumatera Utara",Istana
Istana Cilegon,"Kota Cilegon, Banten",Istana
Keraton Mataram,"Kabupaten Wonosobo, Jawa Tengah",Istana
Istana Mataram,"Kabupaten Madiun, Jawa Timur",Istana
Keraton Bumi Kencana Martapura,"Kabupaten Banjar, Kalimantan Selatan",Istana
Keraton Ngayogyakarta,"Kota Yogyakarta, Yogyakarta",Istana
Keraton Sultan Bacan Labuha,"Kabupaten Halmahera Selatan, Maluku Utara",Istana
Kuil Shri Mariamman,"Kota Medan, Sumatera Utara",Kuil
Kuburan Kerkhoff,Aceh,Makam
Makam Sentot Alibasyah,Bengkulu,Makam
Makam Auliya Male Ta Illayabe,Gorontalo,Makam
Makam Akik Ning,Kepulauan Bangka Belitung,Makam
Makam Atok Banjar,Kepulauan Bangka Belitung,Makam
Kuburan Borgo,Sulawesi Utara,Makam
Kuburan Kerkhoff Kuburan Belanda,Sulawesi Utara,Makam
Pemakaman Imogiri,Yogyakarta,Makam
Pemakaman Girigondo,Yogyakarta,Makam
Makam Raja Haji,Kepulauan Riau,Makam
Kuburan Batee Meuculek,"Kabupaten Aceh Barat Daya, Aceh",Makam
Makam Syeh Mahmud,"Kabupaten Aceh Barat Daya, Aceh",Makam
Makam Laksamana Malahayati,"Kabupaten Aceh Besar, Aceh",Makam
Makam Kramat Du Panggola,"Kota Gorontalo, Gorontalo",Makam
Makam Kramat Tajailoyibuo,"Kota Gorontalo, Gorontalo",Makam
Makam Aulia Raja Ilato,"Kota Gorontalo, Gorontalo",Makam
Makam Aulia Male Tailayabe,"Kota Gorontalo, Gorontalo",Makam
Makam Pangeran Jayakarta,"Jakarta Timur, Jakarta",Makam
Makam Sultan Thaha,"Kabupaten Tebo, Jambi",Makam
Makam Karl Adolf Bosscha,"Kabupaten Bandung Barat, Jawa Barat",Makam
Makam Sunan Gunung Jati,"Kabupaten Cirebon, Jawa Barat",Makam
Petilasan Cimandung,"Kabupaten Cirebon, Jawa Barat",Makam
Balong Keramat Tuk,"Kabupaten Cirebon, Jawa Barat",Makam
Makam Keramat Megu,"Kabupaten Cirebon, Jawa Barat",Makam
Makam Nyi Mas Gandasari,"Kabupaten Cirebon, Jawa Barat",Makam
Makam Syekh Magelung Sakti,"Kabupaten Cirebon, Jawa Barat",Makam
Makam Talun,"Kabupaten Cirebon, Jawa Barat",Makam
Makam Buyut Trusmi,"Kabupaten Cirebon, Jawa Barat",Makam
Makam Godog,"Kabupaten Garut, Jawa Barat",Makam
Makam Cinunuk Hilir,"Kabupaten Garut, Jawa Barat",Makam
Makam Pangeran Muhammad,"Kabupaten Majalengka, Jawa Barat",Makam
Makam Siti Armilah,"Kabupaten Majalengka, Jawa Barat",Makam
Makam Sunan Parung,"Kabupaten Majalengka, Jawa Barat",Makam
Makam Baing Yusuf,"Kabupaten Purwakarta, Jawa Barat",Makam
Makam Mama Sempur,"Kabupaten Purwakarta, Jawa Barat",Makam
Makam Raden Aria Wangsa Goparana,"Kabupaten Subang, Jawa Barat",Makam
Makam Embah Tumpang,"Kota Cimahi, Jawa Barat",Makam
Makam Sunan Kalijaga,"Kabupaten Demak, Jawa Tengah",Makam
Makam Raden Patah,"Kabupaten Demak, Jawa Tengah",Makam
Makam Ki Ageng Selo,"Kabupaten Grobogan, Jawa Tengah",Makam
Makam Ki Ageng Tarub,"Kabupaten Grobogan, Jawa Tengah",Makam
Makam Ki Ageng Getas Pendowo,"Kabupaten Grobogan, Jawa Tengah",Makam
Makam Syekh Siti Jenar,"Kabupaten Jepara, Jawa Tengah",Makam
Makam Mbah Roboyo,"Kabupaten Jepara, Jawa Tengah",Makam
Makam Datuk Gunardi,"Kabupaten Jepara, Jawa Tengah",Makam
Makam Habib Ali,"Kabupaten Jepara, Jawa Tengah",Makam
Makam Syeh Abu Bakar,"Kabupaten Jepara, Jawa Tengah",Makam
Makam Ki Gede,"Kabupaten Jepara, Jawa Tengah",Makam
Makam Syeh Amir Hasan,"Kabupaten Jepara, Jawa Tengah",Makam
Makam Mbah Pakisaji,"Kabupaten Jepara, Jawa Tengah",Makam
Makam Ronggo Kusumo,"Kabupaten Jepara, Jawa Tengah",Makam
Makam Mbah Datuk Subuh,"Kabupaten Jepara, Jawa Tengah",Makam
Makam Habib Sodiq,"Kabupaten Jepara, Jawa Tengah",Makam
Kh Noor Ahmad Ss,"Kabupaten Jepara, Jawa Tengah",Makam
Makam Habib Sodiq Dan Kh Noor Ahmad Ss,"Kabupaten Jepara, Jawa Tengah",Makam
Makam Assayyid Thoyyib Thohir,"Kabupaten Jepara, Jawa Tengah",Makam
Syaikh Syamsuri,"Kabupaten Jepara, Jawa Tengah",Makam
Makam Assayyid Thoyyib Thohir Dan Syaikh Syamsuri,"Kabupaten Jepara, Jawa Tengah",Makam
Makam Pangeran Syarif,"Kabupaten Jepara, Jawa Tengah",Makam
Mbah Jenggolo,"Kabupaten Jepara, Jawa Tengah",Makam
Makam Pangeran Syarif Dan Mbah Jenggolo,"Kabupaten Jepara, Jawa Tengah",Makam
Makam Sunan Hadirin,"Kabupaten Jepara, Jawa Tengah",Makam
Ratu Kalinyamat Serta Raden Abdul Jalil,"Kabupaten Jepara, Jawa Tengah",Makam
Makam Sunan Hadirin Dan Ratu Kalinyamat Serta Raden Abdul Jalil,"Kabupaten Jepara, Jawa Tengah",Makam
Makam Sunan Bromo,"Kabupaten Kendal, Jawa Tengah",Makam
Makam Kyai Mandurorejo Protomulyo Kaliwungu Selatan Kabupaten Kendal,"Kabupaten Kendal, Jawa Tengah",Makam
Makam Wali Gembyang,"Kabupaten Kendal, Jawa Tengah",Makam
Makam Wali Joko,"Kabupaten Kendal, Jawa Tengah",Makam
Makam Wali Hadi,"Kabupaten Kendal, Jawa Tengah",Makam
Makam Pangeran Djoeminah,"Kabupaten Kendal, Jawa Tengah",Makam
Makam Tumenggung Mertowijoyo,"Kabupaten Kendal, Jawa Tengah",Makam
Makam Sunan Abinowo,"Kabupaten Kendal, Jawa Tengah",Makam
Makam Kyai Asyari,"Kabupaten Kendal, Jawa Tengah",Makam
Makam Petilasan Krapyak,"Kabupaten Kendal, Jawa Tengah",Makam
Makam Pengeran Benowo,"Kabupaten Kendal, Jawa Tengah",Makam
Makam Sunan Kudus,"Kabupaten Kudus, Jawa Tengah",Makam
Makam Sunan Muria,"Kabupaten Kudus, Jawa Tengah",Makam
Makam Sunan Kedu,"Kabupaten Kudus, Jawa Tengah",Makam
Makam Syeh Syadzili,"Kabupaten Kudus, Jawa Tengah",Makam
Makam Kyai Telingsing,"Kabupaten Kudus, Jawa Tengah",Makam
Makam Keluarga Trah Tjondronegoro Iii,"Kabupaten Kudus, Jawa Tengah",Makam
Makam Mbah Tanggulangin,"Kabupaten Kudus, Jawa Tengah",Makam
Makam Sedo Mukti,"Kabupaten Kudus, Jawa Tengah",Makam
Makam Sosro Kartono Para Bupati,"Kabupaten Kudus, Jawa Tengah",Makam
Makam Nyai Ageng Ngerang,"Kabupaten Pati, Jawa Tengah",Makam
Makam Syeh Jangkung,"Kabupaten Pati, Jawa Tengah",Makam
Makam Mbah Tabek Merto,"Kabupaten Pati, Jawa Tengah",Makam
Makam Syeh Ahmad Mutamakkin,"Kabupaten Pati, Jawa Tengah",Makam
Makam Sunan Ngerang,"Kabupaten Pati, Jawa Tengah",Makam
Makam Sunan Makhdum Pimpinan Walisongo I,"Kabupaten Pati, Jawa Tengah",Makam
Makam Syeh Ronggo Kusumo,"Kabupaten Pati, Jawa Tengah",Makam
Makam Sunan Prawoto,"Kabupaten Pati, Jawa Tengah",Makam
Makam Bandung Bondowoso Ratu Pengging,"Kabupaten Pati, Jawa Tengah",Makam
Makam Prabu Angling Dharma,"Kabupaten Pati, Jawa Tengah",Makam
Makam Mahapatih Batik Madrim,"Kabupaten Pati, Jawa Tengah",Makam
Makam Ki Ageng Balak,"Kabupaten Sukoharjo, Jawa Tengah",Makam
Makam Ki Ageng Sutowijoyo,"Kabupaten Sukoharjo, Jawa Tengah",Makam
Makam Ki Ageng Purwoto Sidik,"Kabupaten Sukoharjo, Jawa Tengah",Makam
Makam Ki Ageng Trenggonokusumo,"Kabupaten Temanggung, Jawa Tengah",Makam
Makam Ssayyid,"Kabupaten Temanggung, Jawa Tengah",Makam
Makam Ki Ageng Makukuhan,"Kabupaten Temanggung, Jawa Tengah",Makam
Makam Syaikhona Muhammad Kholil,"Kabupaten Bangkalan, Jawa Timur",Makam
Makam Bujuk Cendana,"Kabupaten Bangkalan, Jawa Timur",Makam
Makam Raja-Raja Bangkalan,"Kabupaten Bangkalan, Jawa Timur",Makam
Makam Wali Kidangan,"Kabupaten Bojonegoro, Jawa Timur",Makam
Makam Buyut Dalem,"Kabupaten Bojonegoro, Jawa Timur",Makam
Makam Mbah Malang Negoro,"Kabupaten Bojonegoro, Jawa Timur",Makam
Makam Maulana Malik Ibrahim,"Kabupaten Gresik, Jawa Timur",Makam
Makam Sunan Giri,"Kabupaten Gresik, Jawa Timur",Makam
Makam Sunan Prapen,"Kabupaten Gresik, Jawa Timur",Makam
Makam Fatimah Binti Maimun,"Kabupaten Gresik, Jawa Timur",Makam
Makam Kanjeng Sepuh,"Kabupaten Gresik, Jawa Timur",Makam
Petilasan Sunan Kalijaga,"Kabupaten Gresik, Jawa Timur",Makam
Makam Tan Malaka,"Kabupaten Kediri, Jawa Timur",Makam
Makam Gus Miek,"Kabupaten Kediri, Jawa Timur",Makam
Makam Sunan Drajat,"Kabupaten Lamongan, Jawa Timur",Makam
Makam Sunan Sendang Duwur,"Kabupaten Lamongan, Jawa Timur",Makam
Makam Sunan Lamongan,"Kabupaten Lamongan, Jawa Timur",Makam
Makam Dewi Sekardadu,"Kabupaten Lamongan, Jawa Timur",Makam
Makam Dewi Andongsaroli,"Kabupaten Lamongan, Jawa Timur",Makam
Makam Masjid Kuno Taman,"Kabupaten Madiun, Jawa Timur",Makam
Makam Masjid Kuno Kuncen,"Kabupaten Madiun, Jawa Timur",Makam
Makam Mbah Raden,"Kabupaten Nganjuk, Jawa Timur",Makam
Makam Kanjeng Jimat,"Kabupaten Nganjuk, Jawa Timur",Makam
Makam Batuampar,"Kabupaten Pamekasan, Jawa Timur",Makam
Makam Kyai Ratoh Sumber Anyar,"Kabupaten Pamekasan, Jawa Timur",Makam
Kuburan Madegan,"Kabupaten Sampang, Jawa Timur",Makam
Pasarean Syech Maulana Ishaq,"Kabupaten Situbondo, Jawa Timur",Makam
Pasarean Agung Saifudin,"Kabupaten Situbondo, Jawa Timur",Makam
Makam Raden Tjondrokusumo,"Kabupaten Situbondo, Jawa Timur",Makam
Petilasan Syekh Maulana Ishaq,"Kabupaten Situbondo, Jawa Timur",Makam
Makam Ke Pate Alos,"Kabupaten Situbondo, Jawa Timur",Makam
Makam Sunan Bonang,"Kabupaten Tuban, Jawa Timur",Makam
Makam Syeh Maulana Ibrahim Asmaraqandi,"Kabupaten Tuban, Jawa Timur",Makam
Makam Sunan Bejagung Lor,"Kabupaten Tuban, Jawa Timur",Makam
Makam Sunan Bejagung Kidul,"Kabupaten Tuban, Jawa Timur",Makam
Makam Syekh Achmad Cholil,"Kabupaten Tuban, Jawa Timur",Makam
Makam Sunan Gesing,"Kabupaten Tuban, Jawa Timur",Makam
Makam Syekh Subakir,"Kabupaten Tuban, Jawa Timur",Makam
Makam Kuno Mbah Wassil,"Kota Kediri, Jawa Timur",Makam
Makam Sunan Ampel,"Kota Surabaya, Jawa Timur",Makam
Makam Datu Kayan,"Kabupaten Barito Kuala, Kalimantan Selatan",Makam
Makam Datu Aminin,"Kabupaten Barito Kuala, Kalimantan Selatan",Makam
Makam Pangeran Agung Alias Adji Pati,"Kabupaten Tanah Bumbu, Kalimantan Selatan",Makam
Komplek Makam Sultan Suriansyah,"Kota Banjarmasin, Kalimantan Selatan",Makam
Komplek Makam Pangeran Antasari,"Kota Banjarmasin, Kalimantan Selatan",Makam
Makam Raja-Raja Kesultanan Gunung Tabur,"Kabupaten Berau, Kalimantan Timur",Makam
Kompleks Makam Raja-Raja,"Kabupaten Paser, Kalimantan Timur",Makam
Makam Tentara Jepang,"Kota Tarakan, Kalimantan Utara",Makam
Makam Belanda,"Kota Pangkal Pinang, Kepulauan Bangka Belitung",Makam
Kompleks Makam Temenggung Jamaludin,"Kabupaten Lingga, Kepulauan Riau",Makam
Datuk Kaya Montel,"Kabupaten Lingga, Kepulauan Riau",Makam
Kompleks Makam Temenggung Jamaludin Dan Datuk Kaya Montel,"Kabupaten Lingga, Kepulauan Riau",Makam
Makam Megat Kuning,"Kabupaten Lingga, Kepulauan Riau",Makam
Makam Kh Ghalib Pringsewu Barat Pringsewu,"Kabupaten Pringsewu, Lampung",Makam
Makam Raja-Raja Taebenu,"Kota Kupang, Nusa Tenggara Timur",Makam
Makam Mahmud Syah,"Kabupaten Pelalawan, Riau",Makam
Komplek Makam Raja-Raja Pelalawan,"Kabupaten Pelalawan, Riau",Makam
Makam Panglima Kudin,"Kabupaten Pelalawan, Riau",Makam
Makam Raja-Raja Rambah,"Kabupaten Rokan Hulu, Riau",Makam
Makam Wae Tenri Leleang,"Kabupaten Barru, Sulawesi Selatan",Makam
Makam Petta Pallaselasee,"Kabupaten Barru, Sulawesi Selatan",Makam
Makam We Pancai Tana,"Kabupaten Barru, Sulawesi Selatan",Makam
Makam Lamaddusila,"Kabupaten Barru, Sulawesi Selatan",Makam
Makam Karaeng Lipukasi,"Kabupaten Barru, Sulawesi Selatan",Makam
Makam Sultan Hasanuddin,"Kabupaten Gowa, Sulawesi Selatan",Makam
Makam Arung Palakka,"Kabupaten Gowa, Sulawesi Selatan",Makam
Makam Syech Yusuf,"Kabupaten Gowa, Sulawesi Selatan",Makam
Makam Pongtiku,"Kabupaten Toraja Utara, Sulawesi Selatan",Makam
Makam Raja-Raja Tallo,"Kota Makassar, Sulawesi Selatan",Makam
Makam Pahlawan Nasional Ibu Maria Walanda Maramis,"Kabupaten Minahasa Utara, Sulawesi Utara",Makam
Makam Keramat Tanjung Lilin,"Kota Payakumbuh, Sumatera Barat",Makam
Makam Pangeran Peranpati,"Kabupaten Ogan Komering Ulu Timur, Sumatera Selatan",Makam
Makam Ratu Bagus Baginda Ali,"Kabupaten Ogan Komering Ulu Timur, Sumatera Selatan",Makam
Makam Abdullah Gelar Raden Bebas Abdul Malik Gelar Mas Purba,"Kabupaten Ogan Komering Ulu Timur, Sumatera Selatan",Makam
Makam Mangku Yuda,"Kabupaten Ogan Komering Ulu Timur, Sumatera Selatan",Makam
Makam Muyang Tuan Raja Benar,"Kabupaten Ogan Komering Ulu Timur, Sumatera Selatan",Makam
Makam Muyang Putih,"Kabupaten Ogan Komering Ulu Timur, Sumatera Selatan",Makam
Makam Muyang Maulana Sakti,"Kabupaten Ogan Komering Ulu Timur, Sumatera Selatan",Makam
Makam Oppu Parmata Sapihak,"Kabupaten Padang Lawas, Sumatera Utara",Makam
Pekuburan Brahrang,"Kota Binjai, Sumatera Utara",Makam
Pekuburan Rambung,"Kota Binjai, Sumatera Utara",Makam
Pekuburan Marcapada,"Kota Binjai, Sumatera Utara",Makam
Makam Tionghoa,"Kota Tangerang, Banten",Makam
Makam Panglima Ratu Samban,"Kabupaten Bengkulu Utara, Bengkulu",Makam
Makam Syekh Tubagus Ahmad Bakri As,"Kabupaten Purwakarta, Jawa Barat",Makam
Makam Gedong Ageng,"Kabupaten Blora, Jawa Tengah",Makam
Makam Islam,"Kabupaten Bangkalan, Jawa Timur",Makam
Makam Syech Husen,"Kabupaten Bangkalan, Jawa Timur",Makam
Makam Anusapati,"Kabupaten Malang, Jawa Timur",Makam
Kuburan Panglima Ali,"Kabupaten Bangka Selatan, Kepulauan Bangka Belitung",Makam
Makam Para Ulama,"Kabupaten Pidie, Aceh",Makam
Masjid Agung Keraton,"Kota Bau-Bau, Sulawesi Tenggara",Masjid
Masjid Raya Baiturrahman,Aceh,Masjid
Masjid Dian Al-Mahri,Jawa Barat,Masjid
Masjid Raya Sabilal Muhtadin,Kalimantan Selatan,Masjid
Masjid Jami Banjarmasin,Kalimantan Selatan,Masjid
Masjid Jami Tuhfaturroghibin,Kalimantan Selatan,Masjid
Masjid Muhammadiyah Kelayan,Kalimantan Selatan,Masjid
Masjid Agung Al-Karomah,Kalimantan Selatan,Masjid
Masjid Baangkat,Kalimantan Selatan,Masjid
Masjid Jami Sungai Banar,Kalimantan Selatan,Masjid
Masjid Keramat Banua Halat,Kalimantan Selatan,Masjid
Masjid Pusaka Tabalong,Kalimantan Selatan,Masjid
Masjid Jami Pangkalpinang,Kepulauan Bangka Belitung,Masjid
Masjid Sebanyak Hampir Ribu Buah,Maluku,Masjid
Masjid Agung Keraton Buton,Sulawesi Tenggara,Masjid
Masjid Raya Manado,Sulawesi Utara,Masjid
Masjid Kuno Desa Kaitetu,Maluku,Masjid
Masjid Agung Pasir Pengaraian,Riau,Masjid
Masjid Agung At-Taqwa,"Kabupaten Aceh Tenggara, Aceh",Masjid
Masjid Po Teumeureuhom,"Kabupaten Pidie, Aceh",Masjid
Masjid Raya Darul Falah Kota Langsa,"Kota Langsa, Aceh",Masjid
Masjid Tertua,"Kota Langsa, Aceh",Masjid
Masjid Agung Banten,"Kota Serang, Banten",Masjid
Masjid Raya Al-Azhom,"Kota Tangerang, Banten",Masjid
Masjid Berjumlah Buah,"Kabupaten Rejang Lebong, Bengkulu",Masjid
Masjid Agung Curup,"Kabupaten Rejang Lebong, Bengkulu",Masjid
Masjid Jami Baiturrahim,"Kota Gorontalo, Gorontalo",Masjid
Masjid Keramat Desa Pulau Tengah,"Kabupaten Kerinci, Jambi",Masjid
Masjid Agung Al-Falah,"Kota Jambi, Jambi",Masjid
Masjid Asyuro Cipari Pangatikan Garut,"Kabupaten Garut, Jawa Barat",Masjid
Masjid Agung,"Kabupaten Purwakarta, Jawa Barat",Masjid
Masjid Agung Al-Musabaqoh Subang,"Kabupaten Subang, Jawa Barat",Masjid
Masjid Raya Kota Bogor,"Kota Bogor, Jawa Barat",Masjid
Masjid Jami Al-Juman Bogor,"Kota Bogor, Jawa Barat",Masjid
Masjid Agung Bogor,"Kota Bogor, Jawa Barat",Masjid
Masjid Istiqom Budi Agung,"Kota Bogor, Jawa Barat",Masjid
Masjid Almuhajirin,"Kota Bogor, Jawa Barat",Masjid
Masjid Nahwa Nur Pura,"Kota Bogor, Jawa Barat",Masjid
Masjid As-Sholihin,"Kota Bogor, Jawa Barat",Masjid
Masjid Al-Hidayah,"Kota Bogor, Jawa Barat",Masjid
Masjid Al-Munawwar,"Kota Bogor, Jawa Barat",Masjid
Masjid Al-Mai,"Kota Bogor, Jawa Barat",Masjid
Masjid Saka Tunggal,"Kabupaten Banyumas, Jawa Tengah",Masjid
Masjid Agung Brebes,"Kabupaten Brebes, Jawa Tengah",Masjid
Masjid Al Kurdi Didesa Karangmalang,"Kabupaten Brebes, Jawa Tengah",Masjid
Masjid Agung Demak,"Kabupaten Demak, Jawa Tengah",Masjid
Masjid Astana Mantingan,"Kabupaten Jepara, Jawa Tengah",Masjid
Masjid Agung Baitul Makmur Jepara,"Kabupaten Jepara, Jawa Tengah",Masjid
Masjid Menara Kudus,"Kabupaten Kudus, Jawa Tengah",Masjid
Masjid Bubrah,"Kabupaten Kudus, Jawa Tengah",Masjid
Masjid Agung Pati,"Kabupaten Pati, Jawa Tengah",Masjid
Masjid Agung Rembang,"Kabupaten Rembang, Jawa Tengah",Masjid
Masjid Jami Lasem,"Kabupaten Rembang, Jawa Tengah",Masjid
Masjid Agung,"Kabupaten Tegal, Jawa Tengah",Masjid
Masjid Wali Limbung,"Kabupaten Temanggung, Jawa Tengah",Masjid
Masjid Damarjati,"Kota Salatiga, Jawa Tengah",Masjid
Masjid Agung Jawa Tengah,"Kota Semarang, Jawa Tengah",Masjid
Masjid Baiturrahman Semarang,"Kota Semarang, Jawa Tengah",Masjid
Masjid Kauman Semarang,"Kota Semarang, Jawa Tengah",Masjid
Masjid Al Birru Pertiwi,"Kabupaten Bojonegoro, Jawa Timur",Masjid
Masjid Agung Bojonegoro,"Kabupaten Bojonegoro, Jawa Timur",Masjid
Masjid An-Nur Pare,"Kabupaten Kediri, Jawa Timur",Masjid
Masjid Kuno Sewulan,"Kabupaten Madiun, Jawa Timur",Masjid
Masjid Ajaib,"Kabupaten Malang, Jawa Timur",Masjid
Masjid Yoni Al-Mubarok,"Kabupaten Nganjuk, Jawa Timur",Masjid
Masjid Agung Sidoarjo,"Kabupaten Sidoarjo, Jawa Timur",Masjid
Masjid Jamik Sumenep,"Kabupaten Sumenep, Jawa Timur",Masjid
Masjid Agung Tuban,"Kabupaten Tuban, Jawa Timur",Masjid
Masjid Banjar Mlati,"Kota Kediri, Jawa Timur",Masjid
Masjid Auliyya Setono Gedong,"Kota Kediri, Jawa Timur",Masjid
Masjid Agung Kota Kediri,"Kota Kediri, Jawa Timur",Masjid
Masjid Cheng Ho Surabaya,"Kota Surabaya, Jawa Timur",Masjid
Masjid Nasional Al Akbar,"Kota Surabaya, Jawa Timur",Masjid
Masjid Sultan Suriansyah Terletak,"Kota Banjarmasin, Kalimantan Selatan",Masjid
Masjid Kyai Gede,"Kabupaten Kotawaringin Barat, Kalimantan Tengah",Masjid
Masjid Agung Baitul Hikmah,"Kabupaten Berau, Kalimantan Timur",Masjid
Masjid Al-Aman,"Kota Balikpapan, Kalimantan Timur",Masjid
Masjid Al Amin,"Kota Balikpapan, Kalimantan Timur",Masjid
Masjid Al Falah,"Kota Balikpapan, Kalimantan Timur",Masjid
Masjid At Taqwa,"Kota Balikpapan, Kalimantan Timur",Masjid
Masjid Baiturrahman,"Kota Balikpapan, Kalimantan Timur",Masjid
Masjid Dwima As Salam,"Kota Balikpapan, Kalimantan Timur",Masjid
Masjid Istiqomah,"Kota Balikpapan, Kalimantan Timur",Masjid
Masjid Nurul Iman,"Kota Balikpapan, Kalimantan Timur",Masjid
Masjid Jabalussuada,"Kota Balikpapan, Kalimantan Timur",Masjid
Masjid Jami Darussalam,"Kota Balikpapan, Kalimantan Timur",Masjid
Masjid Al Munawwar,"Kota Balikpapan, Kalimantan Timur",Masjid
Masjid Al Hidayah,"Kota Balikpapan, Kalimantan Timur",Masjid
Masjid Jabalussalam,"Kota Balikpapan, Kalimantan Timur",Masjid
Masjid Jami,"Kota Pangkal Pinang, Kepulauan Bangka Belitung",Masjid
Masjid Sultan Lingga,"Kabupaten Lingga, Kepulauan Riau",Masjid
Masjid Agung Al-Furqon Bandar Lampung,"Kota Bandar Lampung, Lampung",Masjid
Masjid Al-Anwar,"Kota Bandar Lampung, Lampung",Masjid
Masjid Taqwa,"Kota Bandar Lampung, Lampung",Masjid
Masjid Al-Abror,"Kota Bandar Lampung, Lampung",Masjid
Masjid Nurul Ulum,"Kota Bandar Lampung, Lampung",Masjid
Masjid Al-Muhajirin,"Kota Bandar Lampung, Lampung",Masjid
Masjid Babusalam,"Kota Bandar Lampung, Lampung",Masjid
Masjid Taqwa Kota Metro,"Kota Metro, Lampung",Masjid
Masjid Agung Nurul Huda,"Kota Metro, Lampung",Masjid
Masjid Agung Taqwa,"Kota Metro, Lampung",Masjid
Masjid,"Kabupaten Halmahera Selatan, Maluku Utara",Masjid
Masjid Dan Keraton Sultan Bacan Labuha,"Kabupaten Halmahera Selatan, Maluku Utara",Masjid
Masjid Al Munawwaroh Ternate,"Kota Ternate, Maluku Utara",Masjid
Masjid Tua Patimburak Masjid Tertua,"Kabupaten Fakfak, Papua Barat",Masjid
Masjid Jami Merdeka,"Kabupaten Manokwari, Papua Barat",Masjid
Masjid Al Ishlah,"Kabupaten Manokwari, Papua Barat",Masjid
Masjid Al Ikhlas Korem,"Kabupaten Manokwari, Papua Barat",Masjid
Masjid Ridwanul Bahri,"Kabupaten Manokwari, Papua Barat",Masjid
Masjid Darul Ulum,"Kabupaten Manokwari, Papua Barat",Masjid
Masjid Al,"Kabupaten Manokwari, Papua Barat",Masjid
Masjid Madinah,"Kabupaten Manokwari, Papua Barat",Masjid
Masjid At Taqwa,"Kabupaten Manokwari, Papua Barat",Masjid
Masjid Istiqlal,"Kabupaten Manokwari, Papua Barat",Masjid
Masjid As Sakinah,"Kabupaten Manokwari, Papua Barat",Masjid
Masjid Darussalam,"Kabupaten Manokwari, Papua Barat",Masjid
Masjid Al Falah,"Kabupaten Manokwari, Papua Barat",Masjid
Masjid Nurul Fatah,"Kabupaten Manokwari, Papua Barat",Masjid
Masjid Al Mutaqin,"Kabupaten Manokwari, Papua Barat",Masjid
Masjid Nurul Qolbi,"Kabupaten Manokwari, Papua Barat",Masjid
Masjid Al Hijrah,"Kabupaten Manokwari, Papua Barat",Masjid
Masjid Agung Nasional Madani Islamic Centre,"Kabupaten Rokan Hulu, Riau",Masjid
Masjid Tua Lalabata,"Kabupaten Barru, Sulawesi Selatan",Masjid
Masjid Katangka,"Kabupaten Gowa, Sulawesi Selatan",Masjid
Masjid Al-Markaz Al-Islami,"Kota Makassar, Sulawesi Selatan",Masjid
Masjid Raya Makassar,"Kota Makassar, Sulawesi Selatan",Masjid
Masjid Kuba,"Kota Bau-Bau, Sulawesi Tenggara",Masjid
Masjid Kuba Dan Tiang Bendera,"Kota Bau-Bau, Sulawesi Tenggara",Masjid
Masjid Tuo Koto Nan Ompek,"Kota Payakumbuh, Sumatera Barat",Masjid
Masjid Gadang Balai Nan Duo Koto Nan Ompek,"Kota Payakumbuh, Sumatera Barat",Masjid
Masjid Agung Sultan Mahmud Badaruddin I Palembang,"Kota Palembang, Sumatera Selatan",Masjid
Masjid Cheng Ho Palembang,"Kota Palembang, Sumatera Selatan",Masjid
Masjid Azizi,"Kabupaten Langkat, Sumatera Utara",Masjid
Masjid Al Osmani,"Kota Medan, Sumatera Utara",Masjid
Masjid Al Osmani Medan Labuhan,"Kota Medan, Sumatera Utara",Masjid
Masjid Agung Medan,"Kota Medan, Sumatera Utara",Masjid
Masjid Amaliyah Panglima Denai Amplas,"Kota Medan, Sumatera Utara",Masjid
Masjid Al-Musabbihin Tasbi Blok C,"Kota Medan, Sumatera Utara",Masjid
Masjid Al-Huda,"Kota Medan, Sumatera Utara",Masjid
Masjid Nurul Hidayah,"Kota Medan, Sumatera Utara",Masjid
Masjid Al Amin,"Kota Medan, Sumatera Utara",Masjid
Masjid Nurul Iman Komplek Mtsn Medan Perumnas Helvetia,"Kota Medan, Sumatera Utara",Masjid
Masjid Al Abrar Titipapan,"Kota Medan, Sumatera Utara",Masjid
Masjid Jami Al Hidayah Paya Pasir Marelan,"Kota Medan, Sumatera Utara",Masjid
Masjid Baitul Amal Martubung,"Kota Medan, Sumatera Utara",Masjid
Masjid Al Iman Marelan Pasar Ii,"Kota Medan, Sumatera Utara",Masjid
Masjid Jami Al Qanitin Sei Sikambing,"Kota Medan, Sumatera Utara",Masjid
Masjid Cipto Mulyo,"Kabupaten Boyolali, Jawa Tengah",Masjid
Masjid Jami,"Kabupaten Purworejo, Jawa Tengah",Masjid
Masjid Agung Surakarta,"Kota Surakarta, Jawa Tengah",Masjid
Masjid Al Wustho Mangkunegaran,"Kota Surakarta, Jawa Tengah",Masjid
Masjid Laweyan,"Kota Surakarta, Jawa Tengah",Masjid
Masjid Islamic Center Samarinda,"Kota Samarinda, Kalimantan Timur",Masjid
Masjid Raya Batam,"Kota Batam, Kepulauan Riau",Masjid
Masjid Raya Al,"Kota Ambon, Maluku",Masjid
Masjid Raya Pekanbaru,"Kota Pekanbaru, Riau",Masjid
Masjid Raya Ganting,"Kota Padang, Sumatera Barat",Masjid
Masjid Muhammadan,"Kota Padang, Sumatera Barat",Masjid
Masjid Agung As Salam,"Kota Lubuklinggau, Sumatera Selatan",Masjid
Arca Dwarapala,"Kabupaten Malang, Jawa Timur",Patung
Patung Mini,"Kabupaten Jepara, Jawa Tengah",Patung
Patung Dewi Kwan Im,Kepulauan Riau,Patung
Patung Dewi Kwan Im Di,Kepulauan Riau,Patung
Patung Satria Gatot Kaca,"Kabupaten Badung, Bali",Patung
Patung Letda Sucipto,"Kabupaten Tuban, Jawa Timur",Patung
Patung Buddha Empat Wajah,"Kota Surabaya, Jawa Timur",Patung
Patung Joko Dolog,"Kota Surabaya, Jawa Timur",Patung
Patung Bekantan,"Kota Banjarmasin, Kalimantan Selatan",Patung
Patung Salib Buntu Singki,"Kabupaten Toraja Utara, Sulawesi Selatan",Patung
Arca Manusia Purba,"Kota Pagar Alam, Sumatera Selatan",Patung
Patung Warak Ngendok,"Kabupaten Kendal, Jawa Tengah",Patung
Arca Wisnu,"Kabupaten Sumenep, Jawa Timur",Patung
Arca Joko Budhek,"Kabupaten Tulungagung, Jawa Timur",Patung
Prasasti Dinoyo,Jawa Timur,Prasasti
Prasasti Dinoyo,Sulawesi Utara,Prasasti
Prasasti Karang Berahi,"Kabupaten Merangin, Jambi",Prasasti
Prasasti Batutulis,"Kota Bogor, Jawa Barat",Prasasti
Prasasti Wanua Tengah Iii,"Kabupaten Temanggung, Jawa Tengah",Prasasti
Prasasti Siwagrha Terjemahan Casparis,"Kabupaten Temanggung, Jawa Tengah",Prasasti
Prasasti Nalanda Tahun,"Kabupaten Temanggung, Jawa Tengah",Prasasti
Prasasti Gondosuli,"Kabupaten Temanggung, Jawa Tengah",Prasasti
Prasasti Plumpungan,"Kota Salatiga, Jawa Tengah",Prasasti
Prasasti Mula Malurung,"Kabupaten Lumajang, Jawa Timur",Prasasti
Prasasti Kinawe,"Kabupaten Nganjuk, Jawa Timur",Prasasti
Prasasti Anjuk Ladang,"Kabupaten Nganjuk, Jawa Timur",Prasasti
Prasasti Hering,"Kabupaten Nganjuk, Jawa Timur",Prasasti
Prasasti Padang Roco,"Kabupaten Dharmasraya, Sumatera Barat",Prasasti
Pura Jagatnata Banjarmasin,Kalimantan Selatan,Pura
Pura Sebanyak Buah,Maluku,Pura
Pura Penataran Puspem Badung,"Kabupaten Badung, Bali",Pura
Pura Peti Tenget,"Kabupaten Badung, Bali",Pura
Pura Pucak Tedung,"Kabupaten Badung, Bali",Pura
Pura Sadha,"Kabupaten Badung, Bali",Pura
Pura Taman Ayun,"Kabupaten Badung, Bali",Pura
Pura Uluwatu,"Kabupaten Badung, Bali",Pura
Pura Dalem Jawa,"Kabupaten Bangli, Bali",Pura
Pura Kehen,"Kabupaten Bangli, Bali",Pura
Pura Rambut Siwi,"Kabupaten Jembrana, Bali",Pura
Pura Jati,"Kabupaten Jembrana, Bali",Pura
Pura Majapahit,"Kabupaten Jembrana, Bali",Pura
Pura Besakih,"Kabupaten Karangasem, Bali",Pura
Pura Lempuyang,"Kabupaten Karangasem, Bali",Pura
Pura Tanah Lot,"Kabupaten Tabanan, Bali",Pura
Pura Ulun Danu Bratan,"Kabupaten Tabanan, Bali",Pura
Pura Batukaru,"Kabupaten Tabanan, Bali",Pura
Pura Agung Jagatnatha,"Kota Denpasar, Bali",Pura
Pura Sakenan,"Kota Denpasar, Bali",Pura
Pura Dalam Tahap Pembangunan,"Kabupaten Rejang Lebong, Bengkulu",Pura
Pura Parhyangan Agung Jagatkartta,"Kota Bogor, Jawa Barat",Pura
Pura Giri Kusuma,"Kota Bogor, Jawa Barat",Pura
Pura Jagad Karana,"Kota Surabaya, Jawa Timur",Pura
Pura Giri Jaya Natha,"Kota Balikpapan, Kalimantan Timur",Pura
Pura Giri Sutra Mandala Gadingrejo,"Kabupaten Pringsewu, Lampung",Pura
Pura Lugusari Pagelaran,"Kabupaten Pringsewu, Lampung",Pura
Pura Kerti Bhuana,"Kota Bandar Lampung, Lampung",Pura
Pura Segara,"Kota Bandar Lampung, Lampung",Pura
Pura Agung Raksa Buana,"Kota Medan, Sumatera Utara",Pura
Pura Pulaki,"Kabupaten Buleleng, Bali",Pura
Pura Watu Klosot,"Kabupaten Lumajang, Jawa Timur",Pura
Rumah Adat Bubungan Tinggi,Kalimantan Selatan,Rumah
Rumah Adat Suku Dayak Bukit Disebut Balai,Kalimantan Selatan,Rumah
Rumah Panggung,Kepulauan Bangka Belitung,Rumah
Rumah Limas,Kepulauan Bangka Belitung,Rumah
Rumah Rakit,Kepulauan Bangka Belitung,Rumah
Rumah Adat,Nusa Tenggara Timur,Rumah
Rumah Adat Dan Pasola,Nusa Tenggara Timur,Rumah
Rumah Adat Gobel,Gorontalo,Rumah
Rumah Adat Bentara Pineung,"Kabupaten Pidie, Aceh",Rumah
Rumah Adat Bentara Blang,"Kabupaten Pidie, Aceh",Rumah
Rumah Adat Rejang Lebong,"Kabupaten Rejang Lebong, Bengkulu",Rumah
Rumah Adat Dulohupa,"Kota Gorontalo, Gorontalo",Rumah
Rumah Adat Bandayo Poboide,"Kota Gorontalo, Gorontalo",Rumah
Rumah Adat Panjalin,"Kabupaten Majalengka, Jawa Barat",Rumah
Museum Keraton Sumenep,"Kabupaten Sumenep, Jawa Timur",Rumah
Rumah Adat Tradisional Madura Tanean Lanjhang,"Kabupaten Sumenep, Jawa Timur",Rumah
Rumah Adat Baluk,"Kabupaten Bengkayang, Kalimantan Barat",Rumah
Rumah Adat Kutai Guntung,"Kota Bontang, Kalimantan Timur",Rumah
Rumah Adat,"Kabupaten Alor, Nusa Tenggara Timur",Rumah
Rumah Adat Dan Moko,"Kabupaten Alor, Nusa Tenggara Timur",Rumah
Rumah Adat Berwarna Coklat Tua,"Kabupaten Alor, Nusa Tenggara Timur",Rumah
Rumah Adat,"Kabupaten Lembata, Nusa Tenggara Timur",Rumah
Rumah Adat Dan Ritus Pesta Kacang Jontona,"Kabupaten Lembata, Nusa Tenggara Timur",Rumah
Rumah Adat,"Kota Bau-Bau, Sulawesi Tenggara",Rumah
Rumah Adat Palembang,"Kota Palembang, Sumatera Selatan",Rumah
Rumah Adat Pakpak,"Kabupaten Dairi, Sumatera Utara",Rumah
Rumah Adat,"Kabupaten Nias, Sumatera Utara",Rumah
Rumah Adat Dalam Perisai Segi Lima,"Kabupaten Toba Samosir, Sumatera Utara",Rumah
Rumah Adat Desa Tumori,"Kota Gunungsitoli, Sumatera Utara",Rumah
Situs Mantup,Yogyakarta,Situs
Situs Payak,Yogyakarta,Situs
Situs Mangir,Yogyakarta,Situs
Situs Arca Bugisan,Yogyakarta,Situs
Situs Arca Gupolo,Yogyakarta,Situs
Situs Gua Sentono,Yogyakarta,Situs
Situs Sokoliman,Yogyakarta,Situs
Situs Gondangan,Yogyakarta,Situs
Situs Bleberan,Yogyakarta,Situs
Situs Batu Tulis Huludayeuh,"Kabupaten Cirebon, Jawa Barat",Situs
Situs Pasanggrahan Balong Biru,"Kabupaten Cirebon, Jawa Barat",Situs
Situs Lawang Gede,"Kabupaten Cirebon, Jawa Barat",Situs
Situs Makam Tegal Mas,"Kabupaten Situbondo, Jawa Timur",Situs
Situs Raja Balok,Kepulauan Bangka Belitung,Situs
Situs Oluhuta,Gorontalo,Situs
Situs Trowulan,Jawa Timur,Situs
Situs Kerajaan Kuala Batee,"Kabupaten Aceh Barat Daya, Aceh",Situs
Situs Salakanagara,"Kabupaten Pandeglang, Banten",Situs
Situs Rumah Hitam,"Kabupaten Bandung, Jawa Barat",Situs
Situs Bumi Alit Kabuyutan,"Kabupaten Bandung, Jawa Barat",Situs
Situs Makam Bosscha,"Kabupaten Bandung, Jawa Barat",Situs
Situs Gunung Padang,"Kabupaten Bandung, Jawa Barat",Situs
Situs Megalitikum Gunung Padang,"Kabupaten Cianjur, Jawa Barat",Situs
Situs Megalitikum Gunung Kasur,"Kabupaten Cianjur, Jawa Barat",Situs
Situs Sanghiang Sagarahiang,"Kabupaten Kuningan, Jawa Barat",Situs
Situs Sanghyang Lingga,"Kabupaten Majalengka, Jawa Barat",Situs
Situs Gunung Ageung,"Kabupaten Majalengka, Jawa Barat",Situs
Situs Cungkuk,"Kabupaten Sukabumi, Jawa Barat",Situs
Situs Tulang Belulang Manusia Austronesia,"Kabupaten Rembang, Jawa Tengah",Situs
Situs Tulang Belulang Manusia Austronesia Dan Peninggalan Kebudayaannya,"Kabupaten Rembang, Jawa Tengah",Situs
Situs Pertapaan Pamulang,"Kabupaten Rembang, Jawa Tengah",Situs
Situs Kota Sejarah Lasem,"Kabupaten Rembang, Jawa Tengah",Situs
Situs Manusia Purba Semedo,"Kabupaten Tegal, Jawa Tengah",Situs
Situs Peninggalan Era Megalitikum,"Kabupaten Temanggung, Jawa Tengah",Situs
Situs Gosari,"Kabupaten Gresik, Jawa Timur",Situs
Situs Kanjeng Sepuh Sedayu,"Kabupaten Gresik, Jawa Timur",Situs
Situs Tondowongso,"Kabupaten Kediri, Jawa Timur",Situs
Situs Bung Karno,"Kabupaten Kediri, Jawa Timur",Situs
Situs Sendang Gede Ngimbang,"Kabupaten Lamongan, Jawa Timur",Situs
Situs Pangeran Rangga Sukawati,"Kabupaten Pamekasan, Jawa Timur",Situs
Situs Pababaran Trunojoyo,"Kabupaten Sampang, Jawa Timur",Situs
Situs Ratoh Ebuh,"Kabupaten Sampang, Jawa Timur",Situs
Situs Makam Pangeran Santo Merto,"Kabupaten Sampang, Jawa Timur",Situs
Situs Makam Bangsacara,"Kabupaten Sampang, Jawa Timur",Situs
Situs Makam Bangsacara Dan Ragapatmi,"Kabupaten Sampang, Jawa Timur",Situs
Situs Makam Sayyid Ustman Bin Ali Bin Abdillah Al-Habsyi,"Kabupaten Sampang, Jawa Timur",Situs
Situs Selobanteng,"Kabupaten Situbondo, Jawa Timur",Situs
Situs Batu Lantai,"Kabupaten Situbondo, Jawa Timur",Situs
Situs Prasejarah Sumbermalang,"Kabupaten Situbondo, Jawa Timur",Situs
Situs Istana Damnah,"Kabupaten Lingga, Kepulauan Riau",Situs
Situs Fondasi Bilik,"Kabupaten Lingga, Kepulauan Riau",Situs
Situs Istana Robat,"Kabupaten Lingga, Kepulauan Riau",Situs
Situs Warisan Dunia Unesco,"Kabupaten Ngada, Nusa Tenggara Timur",Situs
Situs Purbakala Kokas,"Kabupaten Fakfak, Papua Barat",Situs
Situs Candi Pulau Sawah,"Kabupaten Dharmasraya, Sumatera Barat",Situs
Kawasan Megalit Belubus,"Kabupaten Lima Puluh Kota, Sumatera Barat",Situs
Kawasan Megalit Maek,"Kabupaten Lima Puluh Kota, Sumatera Barat",Situs
Situs Cagar Budaya Pdri Kototinggi,"Kabupaten Lima Puluh Kota, Sumatera Barat",Situs
Menara Bakaran Batu,"Kota Medan, Sumatera Utara",Situs
Menara Air Tirtanadi,"Kota Medan, Sumatera Utara",Situs
Rumah Tjong A Fie,"Kota Medan, Sumatera Utara",Situs
Masjid Raya Al Mashun,"Kota Medan, Sumatera Utara",Situs
Pekong Lima Medan Labuhan,"Kota Medan, Sumatera Utara",Situs
Restoran Tip Top,"Kota Medan, Sumatera Utara",Situs
Titi Gantung,"Kota Medan, Sumatera Utara",Situs
Graha Bunda Maria Annai Velangkanni,"Kota Medan, Sumatera Utara",Situs
Katedral Roma Katholik,"Kota Medan, Sumatera Utara",Situs
Wihara Mahavira Graha,"Kota Medan, Sumatera Utara",Situs
Situs Megalitik Sokoliman,"Kabupaten Gunungkidul, Yogyakarta",Situs
Situs Gondangan,"Kabupaten Gunungkidul, Yogyakarta",Situs
Situs Desa Blebera,"Kabupaten Gunungkidul, Yogyakarta",Situs
